ID,en,en_meaning,de,de_meaning,type,lexical_category,
1,allergy,altered bodily reactivity (such as hypersensitivity) to an antigen in response to a first exposure,allergie,Pathological reaction of the organism to certain foreign substances (allergens); hypersensitivity,COGNATE,N,
2,alcohol,ethanol especially when considered as the intoxicating agent in fermented and distilled liquors,alkohol,Drink containing ethyl alcohol,COGNATE,N,
3,alphabet,a set of letters or other characters with which one or more languages are written especially if arranged in a customary order,alphabet,fixed sequence of the letters of a language,COGNATE,N,
4,apple,a fruit (such as a star apple) or other vegetative growth (such as an oak apple) suggestive of an apple,apfel,Fruit of the apple tree,COGNATE,N,
5,bakery,a place for baking or selling baked goods,bäckerei,"Business that produces and sells baked goods (especially bread, rolls, etc.); shop that mainly sells baked goods (especially bread, rolls, etc.)",COGNATE,N,
6,father,a man who has begotten a child; also : a male animal who has sired an offspring,vater,Man in relation to his child and especially in the child’s relationship to him,COGNATE,N,
7,nature,the external world in its entirety,natur,all things and phenomena existing outside and independently of consciousness that were not created by human activity,COGNATE,N,
8,paper,a felted sheet of usually vegetable fibers laid down on a fine screen from a water suspension,papier,"thin, flat material obtained especially by felting and gluing plant fibres, which is mainly used for writing, printing and packaging",COGNATE,N,
9,planet,any of the large bodies that revolve around the sun in the solar system,planet,"non-self-luminous large celestial body of the solar system that moves on an elliptical orbit around the sun, variable star",COGNATE,N,
10,picnic,an excursion or outing with food usually provided by members of the group and eaten in the open; also : the food provided for a picnic,picknick,Outdoor meal with food brought along,COGNATE,N,
11,fish,"any of numerous cold-blooded strictly aquatic craniate vertebrates that include the bony fishes and usually the cartilaginous and jawless fishes and that have typically an elongated somewhat spindle-shaped body terminating in a broad caudal fin, limbs in the form of fins when present at all, and a 2-chambered heart by which blood is sent through thoracic gills to be oxygenated",fisch,"scaly, cold-blooded vertebrate (with a laterally flattened body) that lives in water and is equipped with a swim bladder, gills and fins",COGNATE,N,
12,energy,the capacity of acting or being active,energie,the inherent ability of a body or system to do work,COGNATE,N,
13,emblem,an object or the figure of an object symbolizing and suggesting another object or an idea,emblem,symbol depicted in the picture,COGNATE,N,
14,music,"the science or art of ordering tones or sounds in succession, in combination, and in temporal relationships to produce a composition having unity and continuity",musik,"Art that arranges tones in such a way that melodies are produced in temporal succession, harmonies in simultaneous juxtaposition or superimposition, and through rhythmic structure works are created that express the human emotional life in a variety of ways, music",COGNATE,N,
15,museum,"an institution devoted to the procurement, care, study, and display of objects of lasting interest or value; also : a place where objects are exhibited",museum,public building for collections of art or science,COGNATE,N,
16,friend,one attached to another by affection or esteem,freund,"close (male) person with whom one shares certain inclinations, interests, etc. and with whom one has a trusting relationship (without living in a partnership with him or her)",COGNATE,N,
17,statue,"a three-dimensional representation usually of a person, animal, or mythical being that is produced by sculpturing, modeling, or casting",statue,"sculptural figure, statue",COGNATE,N,
18,fable,a fictitious narrative or statement,fabel,"in the imagination, invented, fictitious",COGNATE,N,
19,orchestra,a group of musicians including especially string players organized to perform ensemble music,orchester,"large, unified community by instrumentalists who perform musical works together under the direction of a conductor",COGNATE,N,
20,banana,an elongated usually tapering tropical fruit with soft pulpy flesh enclosed in a soft usually yellow rind,banane,"tasty, elongated, yellow fruit of the tropics, harvested in large bunches",COGNATE,N,
21,book,"a set of written, printed, or blank sheets bound together between a front and back cover",buch,"self-contained printed work with hard cover, which serves to convey intellectual and cultural ideas",COGNATE,N,
22,garden,"a plot of ground where herbs, fruits, flowers, or vegetables are cultivated",garten,"cultivated, usually demarcated area, terrain",COGNATE,N,
23,calendar,a tabular register of days according to a system usually covering one year and referring the days of each month to the days of the week,kalender,"List of the individual days, weeks and months of a year in their chronological order",COGNATE,N,
24,cat,a carnivorous mammal (Felis catus) long domesticated as a pet and for catching rats and mice,katze,Family of felids from the order of carnivores with several (partly already extinct) subfamilies,COGNATE,N,
25,university,an institution of higher learning providing facilities for teaching and research and authorized to grant academic degrees; specifically : one made up of an undergraduate division which confers bachelor's degrees and a graduate division which comprises a graduate school and professional schools each of which may confer master's degrees and doctorates,universität,scientific teaching and research facility that covers many different scientific fields,COGNATE,N,
26,elegance,dignified gracefulness or restrained beauty of style : polish,eleganz,"tasteful, fashionable sophistication",COGNATE,N,
27,mother,a female parent,mutter,Woman in relation to her child and especially in relation of the child to her,COGNATE,N,
28,market,a meeting together of people for the purpose of trade by private purchase and sale and usually not by auction,markt,"Sphere of trade in goods, totality of transactions of purchase and sale",COGNATE,N,
29,microscope,an optical instrument consisting of a lens or combination of lenses for making enlarged images of minute objects; especially : compound microscope,mikroskop,optical device through which one can see the smallest objects greatly magnified,COGNATE,N,
30,vision,"a thought, concept, or object formed by the imagination",vision,"often an image concerning the future that only exists in someone's imagination, face, appearance",COGNATE,N,
31,tea,"a widely cultivated shrub (Camellia sinensis of the family Theaceae, the tea family) native to China, northern India, and southeastern Asia and having glossy green leaves and fragrant white flowers",tee,dried parts of plants intended for the manufacture of a beverage,COGNATE,N,
32,theory,a plausible or scientifically acceptable general principle or body of principles offered to explain phenomena,theorie,"logical-systematic summary and generalization of knowledge about an area of ​​reality, the connections of which are reflected in an explanatory and justifiable manner",COGNATE,N,
33,medicine,"the science and art dealing with the maintenance of health and the prevention, alleviation, or cure of disease",medizin,"Science that deals with the detection, prevention, treatment and cure of diseases",COGNATE,N,
34,sofa,a long upholstered seat usually with arms and a back and often convertible into a bed,sofa,Upholstered piece of furniture for sitting or lying down with backrest and side rests,COGNATE,N,
35,sock,a knitted or woven covering for the foot usually worn under shoes and extending above the ankle and sometimes to the knee,socke,"Stocking that reaches about halfway down the lower leg or ends not far above the ankle, especially for men",COGNATE,N,
36,glass,a usually transparent or translucent material consisting typically of a mixture of silicates,glas,"transparent, brittle material made from a molten mixture of silica and metal oxides that breaks easily",COGNATE,N,
37,bus,a large motor vehicle designed to carry passengers usually along a fixed route according to a schedule,bus,Passenger cars (serving as public transport) for a large number of passengers,COGNATE,N,
38,justice,judge; especially : a judge of an appellate court or court of last resort (as a supreme court) —used as a title,justiz,Authority ensuring compliance with the legal system,COGNATE,N,
39,license,a permission granted by competent authority to engage in a business or occupation or in an activity otherwise unlawful,lizenz,"legally binding authority granted to an entrepreneur, businessman against payment",COGNATE,N,
40,respect,a relation or reference to a particular thing or situation,respekt,"the respect shown to someone because of his performance, his character traits, his age",COGNATE,N,
41,result,"to proceed or arise as a consequence, effect, or conclusion",resultat,the logical conclusion,COGNATE,N,
42,balloon,a nonporous bag of light material that can be inflated especially with air or gas.,ballon,"large ball filled with air, gas",COGNATE,N,
43,beer,"a carbonated, fermented alcoholic beverage that is usually made from malted cereal grain (especially barley), is flavored with hops, and typically contains less than a 5% alcohol content",bier,"A spicy alcoholic beverage made from malt, hops, yeast and water by fermentation",COGNATE,N,
44,canal,"channel, watercourse",kanal,artificial watercourse,COGNATE,N,
45,candidate,"one that aspires to or is nominated or qualified for an office, membership, or award",kandidat,someone who has applied for a position or office and is considered for it,COGNATE,N,
46,generation,a body of living beings constituting a single step in the line of descent from an ancestor,generation,"individual member of the lineage, distinguishing between grandparents, parents, children and grandchildren",COGNATE,N,
47,concert,a public performance (as of music or dancing),konzert,public performance of musical works,COGNATE,N,
48,religion,"a personal set or institutionalized system of religious attitudes, beliefs, and practices",religion,"Belief in supposed supernatural powers, beings, especially gods or a god as creator and ruler of the world and mankind as well as the corresponding cultic worship",COGNATE,N,
49,siren,a device often electrically operated for producing a penetrating warning sound,sirene,"Device for generating loud, long-lasting (howling) sounds that serve as signals, alarm signals, warning signals",COGNATE,N,
50,tunnel,a covered passageway; specifically : a horizontal passageway through or under an obstruction,tunnel,"long, tubular, underground traffic route",COGNATE,N,
51,elephant,"a thickset, usually extremely large, nearly hairless, herbivorous mammal (family Elephantidae, the elephant family) that has a snout elongated into a muscular trunk and two incisors in the upper jaw developed especially in the male into long ivory tusks.",elefant,"A giant, only living proboscis animal native to Africa and India with thick grey skin, drooping ears and long white ivory tusks",COGNATE,N,
52,diamond,"native crystalline carbon that is the hardest known mineral, that is usually nearly colorless, that when transparent and free from flaws is highly valued as a precious stone, and that is used industrially especially as an abrasive; also : a piece of this substance",diamant,"A precious, mostly colorless, clear gemstone made of modified carbon that strongly refracts light and is the hardest of all natural materials. It is mainly used for jewelry or industrially for drilling, cutting and grinding tools.",COGNATE,N,
53,discussion,consideration of a question in open and usually informal debate,diskussion,"Exchange of opinions, debate",COGNATE,N,
54,discipline,control gained by enforcing obedience or order,disziplin,"Order, discipline, to which someone submits",COGNATE,N,
55,clown,"a fool, jester, or comedian in an entertainment (such as a play)",clown,"Jester (in the circus, variety show)",COGNATE,N,
56,family,the basic unit in society traditionally consisting of two parents rearing their children; also : any of various social units differing from but regarded as equivalent to the traditional family,familie,private way of life in which people of at least two generations are connected to one another through individually and socially shaped role structures or relationships of cooperation and solidarity,COGNATE,N,
57,athlete,"a person who is trained or skilled in exercises, sports, or games requiring physical strength, agility, or stamina",athelet,"a person who is trained or skilled in exercises, sports, or games requiring physical strength, agility, or stamina",COGNATE,N,
58,figure,Structures made of lines or surfaces,figur,"a geometric form (such as a line, triangle, or sphere) especially when considered as a set of geometric elements (such as points) in space of a given number of dimensions",COGNATE,N,
59,nation,a community of people composed of one or more nationalities and possessing a more or less defined territory and government,nation,"historically grown, ideal and constitutional community of the citizens of a country",COGNATE,N,
60,fact,something that has actual existence,fakt,verifiable fact,COGNATE,N,
61,factor,one who acts or transacts business for another,faktor,"contributing circumstance, contributing force",COGNATE,N,
62,analysis,a statement of such an examination,analyse,dissecting investigation,COGNATE,N,
63,anatomy,a branch of morphology that deals with the structure of organisms,anatomie,Science of the structure of the (human) body and its organs,COGNATE,N,
64,architect,a person who designs buildings and advises in their construction,architekt,Person (with higher education) who designs buildings professionally,COGNATE,N,
65,experiment,"test, trial",experiment,(scientific) experiment,COGNATE,N,
66,archaeology,"the scientific study of material remains (such as tools, pottery, jewelry, stone walls, and monuments) of past human life and activities",archäologie,Science of non-written finds from antiquity,COGNATE,N,
67,barrier,something material that blocks or is intended to block passage,barriere,Barrier for closure,COGNATE,N,
68,shock,sudden stimulation of the nerves and convulsive contraction of the muscles caused by the discharge of electricity through the animal body,schock,"Dysfunction of the nervous system in response to a sudden, strong shock",COGNATE,N,
69,industry,systematic labor especially for some useful purpose or the creation of something of value,industrie,Enterprises in which consumer goods and capital goods are manufactured and raw materials are extracted on the basis of large-scale machine production; branch of the national economy which includes all of these enterprises,COGNATE,N,
70,instrument,a device used to produce music; also : a singing voice,instrument,"Device, object with which music is made",COGNATE,N,
71,regular,"constituted, conducted, scheduled, or done in conformity with established or prescribed usages, rules, or discipline",regulär,"according to the rule, order, proper, correct",COGNATE,ADJ,
72,social,marked by or passed in pleasant companionship with friends or associates,sozial,"the context, the coexistence of people in society",COGNATE,ADJ,
73,blond,"of a flaxen, golden, light auburn, or pale yellowish-brown color; also : having blond hair —spelled blond when used of a boy or man and often blonde when used of a girl or woman",blond,yellowish hair ; golden shimmer; blond-haired,COGNATE,ADJ,
74,local,characterized by or relating to position in space : having a definite spatial form or location,lokal,"local, limited to one place",COGNATE,ADJ,
75,ideal,existing as a mental image or in fancy or imagination only,ideal,"perfect, exemplary, exemplary",COGNATE,ADJ,
76,unconventional,not conventional : not bound by or in accordance with convention : being out of the ordinary,unkonventionell,completely different from the conventional,COGNATE,ADJ,
77,warm,having or giving out heat to a moderate or adequate degree,warm,of moderately high temperature,COGNATE,ADJ,
78,wild,living in a state of nature and not ordinarily tame or domesticated,wild,"not tamed, free-living",COGNATE,ADJ,
79,elegant,marked by elegance,elegant,Fashionable and tasteful,COGNATE,ADJ,
80,creative,marked by the ability or power to create : given to creating,kreativ,creating new things with new ideas,COGNATE,ADJ,
81,acceptable,capable or worthy of being accepted,akzeptabel,"to accept, acknowledge, agree",COGNATE,ADJ,
82,active,producing or involving action or movement,aktiv,in opposite meaning to passive,COGNATE,ADJ,
83,new,"having recently come into existence : recent, modern",neu,only recently established,COGNATE,ADJ,
84,exclusive,excluding or having power to exclude,exklusiv,self-contained,COGNATE,ADJ,
85,exact,to call for forcibly or urgently and obtain,exakt,"exact, punctual, perfect",COGNATE,ADJ,
86,false.,not genuine,falsch,"fake, artificial (deceptively imitated)",COGNATE,ADJ,
87,passive,acted upon by an external agency,passiv,in opposite meaning to active,COGNATE,ADJ,
88,popular,of or relating to the general public,popular,of or relating to the general public,COGNATE,ADJ,
89,best,excelling all others,besten,"of impeccable quality, excellent, flawless",COGNATE,ADJ,
90,effective,"producing a decided, decisive, or desired effect",effectiv,"often regardless of the resources used) (with regard to achieving a goal, fulfilling a task, solving a task, etc.) of optimal effectiveness, great impact",COGNATE,ADJ,
91,elastic,capable of recovering size and shape after deformation,elastisch,such that something gives way when force is applied to it and returns to its original shape when the force is removed,COGNATE,ADJ,
92,dumb,lacking intelligence : stupid,dumm,without sense,COGNATE,ADJ,
93,intelligent,having or indicating a high or satisfactory degree of intelligence and mental capacity,intelligent,"clever, smart, talented",COGNATE,ADJ,
94,international,"of, relating to, or affecting two or more nations",international,"concerning a majority or totality of states, nations, interstate",COGNATE,ADJ,
95,legal,of or relating to law,legal,"according to the law, legally",COGNATE,ADJ,
96,brown,having the color of wood or chocolate; especially : of the color brown,braun,"Mixed color of yellow, red and black",COGNATE,ADJ,
97,gray,of the color gray,grau,Mixed color of black and white,COGNATE,ADJ,
98,old,dating from the remote past : ancient,alt,"indicates the age, the years of life",COGNATE,ADJ,
99,fat,notable for having an unusual amount of fat,fett,"rich in fat, high in fat",COGNATE,ADJ,
100,good,of a favorable character or tendency,gut,"of extensive quantity, abundant",COGNATE,ADJ,
101,young,"being in the first or an early stage of life, growth, or development",jung,at a young age,COGNATE,ADJ,
102,cold,having or being a temperature that is uncomfortably low for humans,kalt,containing little or no heat,COGNATE,ADJ,
103,hard,not easily penetrated : not easily yielding to pressure,hart,"firm, not yielding to pressure",COGNATE,ADJ,
104,fresh,having its original qualities unimpaired,frisch,"new, not yet old",COGNATE,ADJ,
105,emotional,of or relating to emotion,emotional,"excitement, emotion",COGNATE,ADJ,
106,blind,sightless,blind,without sight,COGNATE,ADJ,
107,excellent,very good of its kind : eminently good,exzellent,"excellent, excellent",COGNATE,ADJ,
108,logical,"of, relating to, involving, or being in accordance with logic",logisch,according to the rules of logic,COGNATE,ADJ,
109,official,one who holds or is invested with an office ,offiziell,"directly emanating from a superior authority, a government, an authority, officially",COGNATE,ADJ,
110,sunny,marked by brilliant sunlight : full of sunshine,sonnig,illuminated by the sun,COGNATE,ADJ,
111,practical,"of, relating to, or manifested in practice or action : not theoretical or ideal",praktisch,"expedient, useful",COGNATE,ADJ,
112,fantastic,based on fantasy : not real,fantastisch,"existing only in the imagination, based on imagination",COGNATE,ADJ,
113,hungry,feeling an uneasy or painful sensation from lack of food : feeling hunger,hungrig,"having a strong desire, eager to eat",COGNATE,ADJ,
114,normal,"conforming to a type, standard, or regular pattern : characterized by that which is considered usual, typical, or routine",normal,"usual, usual",COGNATE,ADJ,
115,tolerant,"willing to accept the beliefs, feelings, habits, or behaviors of another group, culture, etc. as legitimate even when they differ from one's own",tolerant,"(in questions of religious, political or similar beliefs, the lifestyle of others) willing to accept a different view, attitude, customs, habits or similar",COGNATE,ADJ,
116,modern,"of, relating to, or characteristic of the present or the immediate past : contemporary",modern,emerged in recent times,COGNATE,ADJ,
117,digital,"of, relating to, or utilizing devices constructed or working by the methods or principles of electronics : electronic; also : characterized by electronic and especially computerized technology",digital,based on the conversion of signals into sequences of binary characters; using the corresponding technology,COGNATE,ADJ,
118,parallel,"extending in the same direction, everywhere equidistant, and not meeting",parallel,"running in the same direction and at the same distance from one another, located at the same distance from one another at all points",COGNATE,ADJ,
119,irrational,not rational: such as lacking usual or normal mental clarity or coherence,irrational,incomprehensible to the mind,COGNATE,ADJ,
120,liberal,"inclined to be open to ideas and ways of behaving that are not conventional or traditional : broad-minded, tolerant",liberal,"based on the principles of (political, economic) liberalism, shaped by them, representing them",COGNATE,ADJ,
121,perfect,being entirely without fault or defect : flawless,perfekt,fully trained,COGNATE,ADJ,
122,political,"of or relating to government, a government, or the conduct of government",politisch,"concerning politics, in the field of politics",COGNATE,ADJ,
123,potential,existing in possibility : capable of development into actuality,potenziell,"possible, the facility, possibility available",COGNATE,ADJ,
124,blue,of the color whose hue is that of the clear sky : of the color blue,blau,Color of the solar spectrum between green and violet,COGNATE,ADJ,
125,better,greater than half,besser,see also good,COGNATE,ADJ,
126,ripe,fully grown and developed : mature,reif,fully grown and developed : mature,COGNATE,ADJ,
127,bitter,"being, inducing, or marked by the one of the five basic taste sensations that is peculiarly acrid, astringent, and often disagreeable and characteristic of citrus peels, unsweetened cocoa, black coffee, mature leafy greens (such as kale or mustard), or ale",bitter,like the taste of bile,COGNATE,ADJ,
128,green,of the color green,grün,Color of the solar spectrum between yellow and blue,COGNATE,ADJ,
129,cool,moderately cold : lacking in warmth,kühl,"a little cold, fresh",COGNATE,ADJ,
130,white,having the color of new snow or milk; specifically : of the color white,weiß,"of the lightest color, reflecting all visible colors",COGNATE,ADJ,
131,windy,marked by strong wind or by more wind than usual,windig,"with wind, full air movement",COGNATE,ADJ,
132,alone,separated from others : isolated,allein,"lonely, without company",COGNATE,ADJ,
133,broad,having ample extent from side to side or between limits,breit,indicates the extent of a surface in the transverse direction,COGNATE,ADJ,
134,free,enjoying civil and political liberty,frei,independent,COGNATE,ADJ,
135,hasty,done or made in a hurry,hastig,full of haste,COGNATE,ADJ,
136,naked,not covered by clothing : nude,nackt,unclothed,COGNATE,ADJ,
137,sour,"being, inducing, or marked by the one of the five basic taste sensations that is produced chiefly by acids and is characteristic of lemon juice",sauer,"contracting the mucous membranes of the mouth and secreting a lot of saliva, tasting like a lemon or vinegar",COGNATE,ADJ,
138,sharp,adapted to cutting or piercing: such as having a thin keen edge or fine point,scharf,good cutting; in opposite meaning to blunt,COGNATE,ADJ,
139,high,"rising or extending upward a great distance : taller than average, usual, or expected",hoch,"refers to the extension, distance of an object from bottom to top perpendicular to the ground",COGNATE,ADJ,
140,national,of or relating to a nation,national,"with regard to a nation, concerning a nation",COGNATE,ADJ,
141,preservative,having the power of preserving,präservativ,(especially in relation to diseases) preventive ; prophylactic,FALSE COGNATE,N,
142,axle,a pin or shaft on or with which a wheel or pair of wheels revolves,achsel,"Shoulder, shoulder joint",FALSE COGNATE,N,
143,acre,"any of various units of area; specifically : a unit in the U.S. and England equal to 43,560 square feet (4047 square meters)",acker,"cultivated agricultural land, (ploughed) field",FALSE COGNATE,N,
144,arch,a typically curved structural member spanning an opening and serving as a support (as for the wall or other weight above the opening),arche,ark; as in box-like ship in which Noah found refuge from the flood with his family and a pair of animals,FALSE COGNATE,N,
145,easel,a frame for supporting something (such as an artist's canvas),esel,"A domestic animal belonging to the equine genus that is smaller than a horse and has long ears, a short mane and usually grey fur",FALSE COGNATE,N,
146,fabric,a material that resembles cloth,fabrik,(smaller) uniformly managed production facility where materials are processed or prepared in large quantities and goods are manufactured through the cooperation of numerous workers and the use of machines,FALSE COGNATE,N,
147,fire,"the phenomenon of combustion manifested in light, flame, and heat",feier,festive event occasioned by a (happy) event,FALSE COGNATE,N,
148,floss,soft thread of silk or mercerized cotton for embroidery,flosse,"fan-like, membranous movement organ or control organ of fish and aquatic mammals, which in fish is usually supported by cartilaginous or bony rays",FALSE COGNATE,N,
149,geniality,marked by or freely expressing sympathy or friendliness,genialität,"creative talent of genius, intellectually productive creative power",FALSE COGNATE,N,
150,grip,to seize or hold firmly,grippe,"acute infectious disease associated with (high) fever and muscle and joint pain, influenza",FALSE COGNATE,N,
151,hole,a hollowed-out place,höhle,"large, hollow, unfilled space in the earth or between rocks; as in cave",FALSE COGNATE,N,
152,eagle,"any of various large diurnal birds of prey (family Accipitridae) noted for their strength, size, keenness of vision, and powers of flight",egel,"Annelid with a flattened, strongly ringed body and a sucker at each end, which lives as a parasite mainly in shallow water",FALSE COGNATE,N,
153,kiss,to touch (someone or something) with the lips especially as a mark of affection or greeting,kissen,"bag, sack filled with soft, fluffy material that warms and cushions a hard bed",FALSE COGNATE,N,
154,kitchen,a place (such as a room) with cooking facilities —often used before another noun,kittchen,"prison, jail",FALSE COGNATE,N,
155,cot,a small usually collapsible bed often of fabric stretched on a frame,kot,"Dirt, softened earth on paths and roads",FALSE COGNATE,N,
156,cup,an open usually bowl-shaped drinking vessel,kuppe,rounded upper part of a finger; fingertip,FALSE COGNATE,N,
157,lock,a fastening (as for a door) operated by a key or a combination,lok,locomotive,FALSE COGNATE,N,
158,prank,trick: a malicious act,pranke,"Front paw, especially of large predators",FALSE COGNATE,N,
159,pregnancy,the quality of being pregnant (as in meaning),prägnanz,"conciseness, succintness",FALSE COGNATE,N,
160,rank,relative standing or position,ranke,"tendril, shoot of a vine or a plant",FALSE COGNATE,N,
161,side,the right or left part of the wall or trunk of the body,seide,Thread made from the cocoon of the silkworm,FALSE COGNATE,N,
162,siege,a military blockade of a city or fortified place to compel it to surrender,sieg,successful outcome of a fight achieved by completely defeating the opponent,FALSE COGNATE,N,
163,strife,bitter sometimes violent conflict or dissension,streife,"Unit, group of people, usually security or law enforcement officers, who are on the move in a specific area to ensure security and order or to carry out specific tasks",FALSE COGNATE,N,
164,stool,a seat usually without back or arms supported by three or four legs or by a central pedestal,stuhl,Seating for one person with a backrest and usually four legs,FALSE COGNATE,N,
165,trap,a device for taking game or other animals; especially : one that holds by springing shut suddenly,trappe,"medium-sized, clumsy but persistent flying, long-legged bird that feeds mainly on plants and builds its nest on the ground",FALSE COGNATE,N,
166,treasure,"wealth (such as money, jewels, or precious metals) stored up or hoarded",tresor,"Safe in which money, valuables, documents , etc. are kept",FALSE COGNATE,N,
167,whip,"to take, pull, snatch, jerk, or otherwise move very quickly and forcefully",wippe,"that is tiltably mounted on a stand in the middle , on both ends of which one sits and swings up and down",FALSE COGNATE,N,
168,resin,"any of various solid or semisolid amorphous fusible flammable natural organic substances that are usually transparent or translucent and yellowish to brown, are formed especially in plant secretions, are soluble in organic solvents (such as ether) but not in water, are electrical nonconductors, and are used chiefly in varnishes, printing inks, plastics, and sizes and in medicine",rosine,dried grapes,FALSE COGNATE,N,
169,rent,a usually fixed periodical return made by a tenant or occupant of property to the owner for the possession and use thereof; especially : an agreed sum paid at fixed intervals by a tenant to the landlord,rente,Amount of money to which someone is entitled on the basis of previous payments into a statutory or private insurance scheme after reaching a certain retirement age,FALSE COGNATE,N,
170,bean,the seed of any of various erect or climbing plants (as of the genera Phaseolus and Vigna) of the legume family other than the fava bean,biene,"social insect of the genus Apis that has a sting, pollinates flowers and produces honey and wax and is often kept as a livestock",FALSE COGNATE,N,
171,clip,"any of various devices that grip, clasp, or hook",klippe,large rock rising out of the sea,FALSE COGNATE,N,
172,ass,any of several hardy gregarious (see gregarious sense 1a) African or Asian perissodactyl mammals (genus Equus) smaller than the horse and having long ears,as,an ace (the card or the serve),FALSE COGNATE,N,
173,back,the rear part of the human body especially from the neck to the end of the spine,backe,"bilateral part of the face located between the nose, cheekbone and lower jaw",FALSE COGNATE,N,
174,baggage,"suitcases, trunks, and personal belongings of travelers : luggage",bagage,"bad company
",FALSE COGNATE,N,
175,ban,"to prohibit especially by legal means; also : to prohibit the use, performance, or distribution of",bann,"magical power, magical bondage",FALSE COGNATE,N,
176,barrack,a building or set of buildings used especially for lodging soldiers in garrison —usually used in plural,baracke,"hut, shack, especially in slum areas",FALSE COGNATE,N,
177,beast,a contemptible person,biest,little wretch or brat,FALSE COGNATE,N,
178,blend,mix; especially : to combine or associate so that the separate constituents or the line of demarcation cannot be distinguished,blende,Device of a lens for regulating exposure,FALSE COGNATE,N,
179,bone,one of the hard parts of the skeleton of a vertebrate,bohne,"A species-rich vegetable plant from the Fabaceae family, which is widely cultivated in our gardens, either bushy or winding up on sticks, as its long, hanging fruits and kidney-shaped seeds are popular to eat",FALSE COGNATE,N,
180,brand,a class of goods identified by name as the product of a single firm or manufacturer,brand,"dangerous fire that causes damage, destroys or annihilates something",FALSE COGNATE,N,
181,bucket,"a typically cylindrical vessel for catching, holding, or carrying liquids or solids",bukett,bouquet of flowers,FALSE COGNATE,N,
182,chore,the regular or daily light work of a household or farm,chor,a group of people singing together,FALSE COGNATE,N,
183,clue,something that guides through an intricate procedure or maze of difficulties; specifically : a piece of evidence that leads one toward the solution of a problem,clou,"highlight, high point, climax",FALSE COGNATE,N,
184,disgust,marked aversion aroused by something highly distasteful : repugnance,degustation,"testing, tasting and tasting food and drinks (especially wine) in terms of smell and taste",FALSE COGNATE,N,
185,device,a piece of equipment or a mechanism designed to serve a special purpose or perform a special function,devise,"Motto, motto, slogan",FALSE COGNATE,N,
186,dome,a large hemispherical roof or ceiling,dom,"magnificent church, bishop's church with large choir, Münster",FALSE COGNATE,N,
187,dose,the measured quantity of a therapeutic agent to be taken at one time,dose,"small, usually round vessel",FALSE COGNATE,N,
188,fart,to expel intestinal gas from the anus,fahrt,"Journey, trip",FALSE COGNATE,N,
189,flint,a massive hard dark quartz that produces a spark when struck by steel,flinte,Hunting rifle with one or two non-rifled barrels for shot,FALSE COGNATE,N,
190,flock,a group of animals (such as birds or sheep) assembled or herded together,flocke,"small, loose structure from snow, snowflake",FALSE COGNATE,N,
191,actual,existing in fact or reality,aktuell,"currently present, significant for the immediate present, related to the present, close to the present, timely, contemporary",FALSE COGNATE,ADJ,
192,brave,"having or showing mental or moral strength to face danger, fear, or difficulty : having or showing courage",brav,"obedient; from a child: well-behaved; of a soldier: brave, courageous",FALSE COGNATE,ADJ,
193,curious,marked by desire to investigate and learn,kurios,"strange, peculiar, odd",FALSE COGNATE,ADJ,
194,ordinary,"of a kind to be expected in the normal order of events : routine, usual",ordinär,rude and indecent,FALSE COGNATE,ADJ,
195,pathetic,having a capacity to move one to either compassionate or contemptuous pity,pathetisch,full of pathos,FALSE COGNATE,ADJ,
196,sensible,"having, containing, or indicative of good sense or reason : rational, reasonable",sensibel,of particular sensitivity ; easily influenced emotionally ; sensitive,FALSE COGNATE,ADJ,
197,sympathetic,"existing or operating through an affinity, interdependence, or mutual association",sympathisch,"likeable, congenial",FALSE COGNATE,ADJ,
198,frivolous,of little weight or importance,frivol,Violating customs and morals,FALSE COGNATE,ADJ,
199,ghostly,"of, relating to, or having the characteristics of a ghost : spectral",geistlich,"spiritual, religious, also clerical, ecclesiastical",FALSE COGNATE,ADJ,
200,gracious,marked by kindness and courtesy,graziös,"with grace, graceful",FALSE COGNATE,ADJ,
201,guilty,"justly chargeable with or responsible for a usually grave breach of conduct or a crime
suggesting or involving guilt
aware of or suffering from guilt",gültig,"valid, acceptable",FALSE COGNATE,ADJ,
202,happy,favored by luck or fortune : fortunate,happig,"expensive, steep",FALSE COGNATE,ADJ,
203,costly,commanding a high price especially because of intrinsic worth,köstlich,very tasty and refreshing,FALSE COGNATE,ADJ,
204,pregnant,"containing a developing embryo, fetus, or unborn offspring within the body : gravid",prägnant,expressing the essentials briefly and accurately,FALSE COGNATE,ADJ,
205,lusty,"full of strength and vitality : healthy, vigorous",lustig,"funny, amusing",FALSE COGNATE,ADJ,
206,restless,lacking or denying rest : uneasy,restlos,"without remainder, completely",FALSE COGNATE,ADJ,
207,slim,of small diameter or thickness in proportion to the height or length : slender,schlimm,"bad, evil, nasty",FALSE COGNATE,ADJ,
208,sinful,"tainted with, marked by, or full of sin : wicked",sinnvoll,"filled with a specific intellectual content, with a recognizable meaning",FALSE COGNATE,ADJ,
209,adroit,"having or showing skill, cleverness, or resourcefulness in handling situations",adrett,"clean, tidy, proper",FALSE COGNATE,ADJ,
210,adequate,sufficient for a specific need or requirement; also : good enough : of a quality that is good or acceptable : of a quality that is acceptable but not better than acceptable,adäquat,"appropriate, appropriate",FALSE COGNATE,ADJ,
211,blamable,deserving blame : reprehensible,blamabel,shameful,FALSE COGNATE,ADJ,
212,devoted,characterized by loyalty and devotion,devot,"submissive, exaggeratedly devoted",FALSE COGNATE,ADJ,
213,foul,offensive to the senses : loathsome,faul,"work-shy, unwilling to work",FALSE COGNATE,ADJ,
214,homely,suggestive or characteristic of a place of residence or home,heimlich,"hidden from others or as inconspicuous as possible, especially because it is forbidden, undesirable or unpleasant or embarrassing to oneself",FALSE COGNATE,ADJ,
215,inconsequential,of no significance : unimportant,inkonsequent,"inconsistent, contradictory",FALSE COGNATE,ADJ,
216,cross,marked by typically transitory bad temper,kroß,"crispy, crusty",FALSE COGNATE,ADJ,
217,mundane,"of, relating to, or characteristic of the world",mondän,"(exclusively) concerned with a fashionably elegant appearance (and lifestyle), strikingly elegant",FALSE COGNATE,ADJ,
218,net,"an open-meshed fabric twisted, knotted, or woven together at regular intervals",nett,"Likeable, sympathetic",FALSE COGNATE,ADJ,
219,eventual,"contingent, conditional",eventuell,"expresses that one considers something: with a rather low probability, under certain circumstances",FALSE COGNATE,ADJ,
220,rusty,affected by or as if by rust; especially : stiff with or as if with rust,rüstig,"(still) strong, active, efficient",FALSE COGNATE,ADJ,
221,scrupulous,having moral integrity : acting in strict regard for what is considered right or proper,skrupellos,"without scruples, unrestrained, reckless, unscrupulous",FALSE COGNATE,ADJ,
222,spendable,to use up or pay out : expend,spendabel,"generous, generous",FALSE COGNATE,ADJ,
223,sufficient,enough to meet the needs of a situation or a proposed end,süffisant,condescending and complacent,FALSE COGNATE,ADJ,
224,temperamental,marked by excessive sensitivity and impulsive mood changes,temperamentvoll,"full of temperament, lively",FALSE COGNATE,ADJ,
225,unkindly,not kindly,unkindlich,"not childlike, precocious",FALSE COGNATE,ADJ,
226,ungracious,wicked,ungraziös,without grace,FALSE COGNATE,ADJ,
227,wounded,"njured, hurt by, or suffering from a wound",wund,"slightly injured on the surface of the skin by friction, abrasion",FALSE COGNATE,ADJ,
228,wonderful,"exciting wonder : marvelous, astonishing",wunderlich,"strange, odd",FALSE COGNATE,ADJ,
229,unalphabetical,"not alphabetic, or not relating to",analphabetisch,illiterate,FALSE COGNATE,ADJ,
230,exalted,raised high,exaltiert,"(artificially) excited, hysterically excited, artificially exaggerated",FALSE COGNATE,ADJ,
231,comical,causing laughter especially because of a startlingly or unexpectedly humorous impact,komisch,"strange, peculiar, surprising",FALSE COGNATE,ADJ,
232,serious,thoughtful or subdued in appearance or manner : sober,seriös,"elegant, dignified and appearing with integrity",FALSE COGNATE,ADJ,
233,indecent,grossly improper or offensive,indezent,"obtrusive, not subtle",FALSE COGNATE,ADJ,
234,communal,characterized by collective ownership and use of property,kommunal,"local, belonging to a municipality",FALSE COGNATE,ADJ,
235,crafty,"skillful, clever",kräftig,"strong, powerful; well developed",FALSE COGNATE,ADJ,
236,lilac,a variable color averaging a moderate purple,lila,"pink-violet, purple",FALSE COGNATE,ADJ,
237,lumpy,filled or covered with lumps,lumpig,"mean, vile, worthless",FALSE COGNATE,ADJ,
238,middle-aged,the period of life from about 45 to about 64,mittelalterlich,"relating to the Middle Ages, originating from the Middle Ages",FALSE COGNATE,ADJ,
239,momentous,"having great or lasting importance : consequential, significant",momentan,momentary or present,FALSE COGNATE,ADJ,
240,personal,"of, relating to, or affecting a particular person : private, individual",personell,concerning the staff,FALSE COGNATE,ADJ,
241,boot,a fitted covering (as of leather or rubber) for the foot that usually reaches above the ankle,boot,"small, uncovered watercraft with oars or sails",FALSE COGNATE,N,
242,provision,the fact or state of being prepared beforehand,provision,"usual remuneration for the provision or mediation of business, commercial transactions through a percentage share of the turnover or profit, especially for private retailers, sales representatives, brokers",FALSE COGNATE,N,
243,gift,something voluntarily transferred by one person to another without compensation,gift,Substance that causes a destructive or fatal effect in the body when it is administered in a certain amount,FALSE COGNATE,N,
244,chef,a skilled professional cook; specifically : one who is in charge of a professional kitchen,chef,"responsible manager ; owner (of a business, company)",FALSE COGNATE,N,
245,fee,a fixed charge,fee,"beautiful, mostly good-natured and helpful female fairy tale character, legendary figure who is gifted with magical powers",FALSE COGNATE,N,
246,island,a tract of land surrounded by water and smaller than a continent,island,Iceland (the country),FALSE COGNATE,N,
247,kind,a specific or recognized variety,kind,"Human being in the phase of life between birth and (beginning of) puberty, sexual maturity",FALSE COGNATE,N,
248,angel,a spiritual being serving as a divine messenger and intermediary and often as a special protector of an individual or nation; especially : one in the lowest rank in the celestial hierarchy,angel,Fishing device consisting of a rod with a line and a hook attached to the end,FALSE COGNATE,N,
249,anger,a strong feeling of displeasure and usually of antagonism,anger,"mostly grassy plot of land within a village, which belongs to the municipality and may be used by all citizens living in this municipality",FALSE COGNATE,N,
250,hut,an often small and temporary dwelling of simple construction : shack,hut,"round headgear made of felt, straw, fabric, leather or similar , the head part of which is usually surrounded by a brim",FALSE COGNATE,N,
251,mist,water in the form of particles floating or falling in the atmosphere at or near the surface of the earth and approaching the form of rain,mist,"Mixture of animal excrement and bedding, especially straw used as fertilizer, stable manure",FALSE COGNATE,N,
252,plane,"a level of existence, consciousness, or development",plane,"A protective covering made of durable material, often used to cover vehicles, equipment, or cargo.",FALSE COGNATE,N,
253,rock,"a large mass of stone forming a cliff, promontory, or peak",rock,garment mostly worn by women that sits on the hips or waist and covers the buttocks and usually part of the legs,FALSE COGNATE,N,
254,stapler,one that deals in staple goods or in staple fiber,stapler,"mobile work device equipped with an electric motor or combustion engine for lifting, transporting and stacking loads up to a height of about three meters",FALSE COGNATE,N,
255,taste,to ascertain the flavor of by taking a little into the mouth,taste,lever that triggers a mechanism when pressed down with the finger,FALSE COGNATE,N,
256,teller,one that relates or communicates,teller,"round tableware with a raised edge, usually made of porcelain or earthenware",FALSE COGNATE,N,
257,sole,the undersurface of a foot,sole,saline body of water or water,FALSE COGNATE,N,
258,auditorium,the part of a public building where an audience sits,auditorium,lecture hall,FALSE COGNATE,N,
259,beet,"a biennial garden plant (Beta vulgaris) of the amaranth family that includes several cultivars (such as Swiss chard and sugar beet) and that has thick edible leaves with long petioles and often swollen purplish-red roots; also : its root used especially as a vegetable, as a source of sugar, or for forage",beet,"a piece of land specially prepared for horticultural use, demarcated by paths, borders",FALSE COGNATE,N,
260,blitz,an intensive aerial military campaign,blitz,"electrical discharge, usually followed by thunder, between two oppositely charged clouds or between a cloud and the earth's surface",FALSE COGNATE,N,
261,genial,marked by or freely expressing sympathy or friendliness,genial,"gifted with genius, creative",FALSE COGNATE,ADJ,
262,plump,having a full rounded usually pleasing form,plump,"clumsy, awkward",FALSE COGNATE,ADJ,
263,alert,watchful and prompt to meet danger or emergency,alert,"lively, vivacious",FALSE COGNATE,ADJ,
264,blank,devoid of covering or content,blank,"shiny, radiant",FALSE COGNATE,ADJ,
265,fast,"characterized by quick motion, operation, or effect",fast,"almost, nearly",FALSE COGNATE,ADJ,
266,patent,an official document conferring a right or privilege,patent,"extremely practical, very useful",FALSE COGNATE,ADJ,
267,punctual,being on time : prompt,punktuell,"limited to one point, individual points",FALSE COGNATE,ADJ,
268,purple,having a color between red and blue : of the color purple,purpur,crimson,FALSE COGNATE,ADJ,
269,routine,a regular course of procedure,routiniert,"skillful, adept, skilled, experienced",FALSE COGNATE,ADJ,
270,small,having comparatively little size or slight dimensions,schmal,"narrow, slender, thin",FALSE COGNATE,ADJ,
271,scurrilous,using or given to coarse language,skurril,"farcically bizarre, ridiculously eccentric, strange",FALSE COGNATE,ADJ,
272,stark,"devoid, lacking",stark,having a lot of power,FALSE COGNATE,ADJ,
273,strong,having or marked by great physical power,streng,"unforgiving, without mercy, strict, intense",FALSE COGNATE,ADJ,
274,comfortable,affording or enjoying contentment and security,komfortabel,"well-appointed, luxurious, with the availability of all modern conveniences",FALSE COGNATE,ADJ,
275,unsympathetic,"not given to, marked by, or arising from sympathy : not sympathetic",unsympathisch,"disagreeable, not likeable, not nice",FALSE COGNATE,ADJ,
276,unserious,not serious,unseriös,"not worthy, not appearing to have integrity",FALSE COGNATE,ADJ,
277,unashamed,"not ashamed : being without guilt, self-consciousness, or doubt",unverschämt,"in his behaviour, in his statements very cheeky, challenging",FALSE COGNATE,ADJ,
278,virtuous,having or exhibiting virtue,virtuos,"perfect in the mastery of a certain (artistic) technique, brilliant, masterful",FALSE COGNATE,ADJ,
279,simpering,marked by insipidity or by affected or ingratiating timidity,zimperlich,overly sensitive,FALSE COGNATE,ADJ,
280,famous,widely known,famos,"patent, splendid, magnificent",FALSE COGNATE,ADJ,
281,preservative,having the power of preserving,konservierungsmittel,having the power of preserving,NON COGNATE,N,
282,axle,a pin or shaft on or with which a wheel or pair of wheels revolves,achse,"rod-shaped component of a machine that can rotate about the longitudinal axis but does not transmit any torque to accommodate one or more components (wheels, discs, etc. ) whose load forces are transmitted to the bearings",NON COGNATE,N,
283,acre,"any of various units of area; specifically : a unit in the U.S. and England equal to 43,560 square feet (4047 square meters)",morgen,a unit of land measurement that was previously used in Germany,NON COGNATE,N,
284,arch,a typically curved structural member spanning an opening and serving as a support (as for the wall or other weight above the opening),bogen,arched component above a wall opening,NON COGNATE,N,
285,easel,a frame for supporting something (such as an artist's canvas),staffelei,"stepwise adjustable frame for the paintings, drawings in progress",NON COGNATE,N,
286,fabric,a material that resembles cloth,stoff,"fabric made from natural or artificial fibres or yarns, which is sold in wide, very long lengths and is used especially for clothing, bed linen and curtains",NON COGNATE,N,
287,fire,"the phenomenon of combustion manifested in light, flame, and heat",feuer,the development of light and heat in the form of flames during the combustion process,NON COGNATE,N,
288,floss,soft thread of silk or mercerized cotton for embroidery,zahnseide,"thin, usually waxed thread that can be used to remove plaque and food particles between the teeth",NON COGNATE,N,
289,geniality,marked by or freely expressing sympathy or friendliness,freundlichkeit,benevolent inclination,NON COGNATE,N,
290,grip,to seize or hold firmly,griff,"grasping, taking in hand, access",NON COGNATE,N,
291,hole,a hollowed-out place,loch,round or elongated opening that has arisen over time or accidentally or has been created by someone,NON COGNATE,N,
292,eagle,"any of various large diurnal birds of prey (family Accipitridae) noted for their strength, size, keenness of vision, and powers of flight",adler,"large, rare bird of prey with a hooked beak and strongly curved claws, which likes to build its nest at great heights on protruding rock slabs",NON COGNATE,N,
293,kiss,to touch (someone or something) with the lips especially as a mark of affection or greeting,bussel,one-time kissing,NON COGNATE,N,
294,kitchen,a place (such as a room) with cooking facilities —often used before another noun,küche,Room where food is prepared and cooked,NON COGNATE,N,
295,cot,a small usually collapsible bed often of fabric stretched on a frame,klappbett,bed that can be folded up during the day,NON COGNATE,N,
296,cup,an open usually bowl-shaped drinking vessel,tasse,"Drinking vessel (with handle), especially for hot drinks",NON COGNATE,N,
297,lock,a fastening (as for a door) operated by a key or a combination,schloß,Device for closing,NON COGNATE,N,
298,prank,trick: a malicious act,streich,"act committed out of arrogance, mischief, by which someone is teased, tricked, pranks, practical jokes",NON COGNATE,N,
299,pregnancy,the quality of being pregnant (as in meaning),schwangerschaft,"Condition of the woman from conception to the birth of her child, time of pregnancy",NON COGNATE,N,
300,rank,relative standing or position,Posten,Place that has been assigned to someone (especially a guard) and which may not be left for a certain period of time,NON COGNATE,N,
301,side,the right or left part of the wall or trunk of the body,seite,one of the two surfaces of a flat object,NON COGNATE,N,
302,siege,a military blockade of a city or fortified place to compel it to surrender,belagerung,to camp troops around a (fortified) place in order to take it,NON COGNATE,N,
303,strife,bitter sometimes violent conflict or dissension,zwietracht,"disagreement, dispute",NON COGNATE,N,
304,stool,a seat usually without back or arms supported by three or four legs or by a central pedestal,hocker,simple chair without backrest,NON COGNATE,N,
305,trap,a device for taking game or other animals; especially : one that holds by springing shut suddenly,falle,Device for catching (harmful) animals,NON COGNATE,N,
306,treasure,"wealth (such as money, jewels, or precious metals) stored up or hoarded",schatz,"large quantity, accumulation of valuable things, treasures",NON COGNATE,N,
307,whip,"to take, pull, snatch, jerk, or otherwise move very quickly and forcefully",peitsche,"(flexible) stick with a narrow leather strap or cord attached to it, used for hitting, especially for driving animals",NON COGNATE,N,
308,resin,"any of various solid or semisolid amorphous fusible flammable natural organic substances that are usually transparent or translucent and yellowish to brown, are formed especially in plant secretions, are soluble in organic solvents (such as ether) but not in water, are electrical nonconductors, and are used chiefly in varnishes, printing inks, plastics, and sizes and in medicine",harz,"viscous, sticky, yellow to brown colored, aromatic, often translucent plant secretion, especially of conifers, which burns with a strong sooty flame, is easily soluble in turpentine oil and benzene and is used to make lacquer, varnish and soap",NON COGNATE,N,
309,rent,a usually fixed periodical return made by a tenant or occupant of property to the owner for the possession and use thereof; especially : an agreed sum paid at fixed intervals by a tenant to the landlord,miete,"Tenant's remuneration for the use of a rented property, especially an apartment",NON COGNATE,N,
310,bean,the seed of any of various erect or climbing plants (as of the genera Phaseolus and Vigna) of the legume family other than the fava bean,bohne,"A species-rich vegetable plant from the Fabaceae family, which is widely cultivated in our gardens, either bushy or winding up on sticks, as its long, hanging fruits and kidney-shaped seeds are popular to eat",NON COGNATE,N,
311,clip,"any of various devices that grip, clasp, or hook",klammer,"small object made of wood, metal or plastic in various shapes that serves to hold or fasten things together and can be detached at any time",NON COGNATE,N,
312,ass,any of several hardy gregarious (see gregarious sense 1a) African or Asian perissodactyl mammals (genus Equus) smaller than the horse and having long ears,esel,"A domestic animal belonging to the equine genus that is smaller than a horse and has long ears, a short mane and usually grey fur",NON COGNATE,N,
313,back,the rear part of the human body especially from the neck to the end of the spine,rücken,one's back (body part),NON COGNATE,N,
314,baggage,"suitcases, trunks, and personal belongings of travelers : luggage",gepäck,"The entirety of objects, especially suitcases, backpacks, that someone takes with them on a trip or journey",NON COGNATE,N,
315,ban,"to prohibit especially by legal means; also : to prohibit the use, performance, or distribution of",verbot,"order to be followed under threat of punishment, strict request to refrain from doing something",NON COGNATE,N,
316,barrack,a building or set of buildings used especially for lodging soldiers in garrison —usually used in plural,kaserne,building for the permanent accommodation of troops,NON COGNATE,N,
317,beast,a contemptible person,tier,"person who has no inhibitions, morals or self-discipline or who gives in to his or her urges without control",NON COGNATE,N,
318,blend,mix; especially : to combine or associate so that the separate constituents or the line of demarcation cannot be distinguished,mischung,"the mixed, mixture",NON COGNATE,N,
319,bone,one of the hard parts of the skeleton of a vertebrate,knochen,"hard, solid component of the skeleton of humans and vertebrates",NON COGNATE,N,
320,brand,a class of goods identified by name as the product of a single firm or manufacturer,marke,"legally protected sign or protected designation of a good, product or service of a specific manufacturer or supplier",NON COGNATE,N,
321,bucket,"a typically cylindrical vessel for catching, holding, or carrying liquids or solids",eimer,"tall, usually cylindrical container with a handle, used especially for transporting liquids or fine-grained substances",NON COGNATE,N,
322,chore,the regular or daily light work of a household or farm,lästige pflicht,the regular or daily light work of a household or farm,NON COGNATE,N,
323,clue,something that guides through an intricate procedure or maze of difficulties; specifically : a piece of evidence that leads one toward the solution of a problem,spur,"hat something, someone has left behind, that is left behind by something, someone",NON COGNATE,N,
324,disgust,marked aversion aroused by something highly distasteful : repugnance,abscheu,strong aversion,NON COGNATE,N,
325,device,a piece of equipment or a mechanism designed to serve a special purpose or perform a special function,gerät,"(equipment, utility) item, tool or similar, with the help of which a mechanical work can be carried out (by hand)",NON COGNATE,N,
326,dome,a large hemispherical roof or ceiling,kuppel,"vaulted roof, vaulted ceiling over a room, usually in the shape of a hemisphere",NON COGNATE,N,
327,dose,the measured quantity of a therapeutic agent to be taken at one time,dosis,precisely measured (small) amount,NON COGNATE,N,
328,fart,to expel intestinal gas from the anus,furz,flatulence that is passed out loudly,NON COGNATE,N,
329,flint,a massive hard dark quartz that produces a spark when struck by steel,feuerstein,"dark stone made of silica, which occurs in nodule form, especially in chalk",NON COGNATE,N,
330,flock,a group of animals (such as birds or sheep) assembled or herded together,herde,"fairly large group of animals, mammals of the same species, which usually belongs to a farm",NON COGNATE,N,
331,actual,existing in fact or reality,tatsächlich,"according to the facts, according to reality",NON COGNATE,ADJ,
332,brave,"having or showing mental or moral strength to face danger, fear, or difficulty : having or showing courage",tapfer,"brave, bold, fearless, undaunted",NON COGNATE,ADJ,
333,curious,marked by desire to investigate and learn,neugierig,full of curiosity,NON COGNATE,ADJ,
334,ordinary,"of a kind to be expected in the normal order of events : routine, usual",normal,"usual, usual",NON COGNATE,ADJ,
335,pathetic,having a capacity to move one to either compassionate or contemptuous pity,jämmerlich,very bad; pathetic,NON COGNATE,ADJ,
336,sensible,"having, containing, or indicative of good sense or reason : rational, reasonable",vernünftig,based on reason,NON COGNATE,ADJ,
337,sympathetic,"existing or operating through an affinity, interdependence, or mutual association",mitfühlend,"having compassion, showing",NON COGNATE,ADJ,
338,frivolous,of little weight or importance,leichtsinnig,"carefree, unconcerned, imprudent",NON COGNATE,ADJ,
339,ghostly,"of, relating to, or having the characteristics of a ghost : spectral",gespenstisch,"
spooky, ghostly",NON COGNATE,ADJ,
340,gracious,marked by kindness and courtesy,gnädig,"showing great, condescending kindness",NON COGNATE,ADJ,
341,guilty,"justly chargeable with or responsible for a usually grave breach of conduct or a crime
suggesting or involving guilt
aware of or suffering from guilt",schuldig,"the responsibility, bearing guilt",NON COGNATE,ADJ,
342,happy,favored by luck or fortune : fortunate,glücklich,"luck, success, successful",NON COGNATE,ADJ,
343,costly,commanding a high price especially because of intrinsic worth,teuer,"high in price, costly, expensive",NON COGNATE,ADJ,
344,pregnant,"containing a developing embryo, fetus, or unborn offspring within the body : gravid",schwanger,"carrying a child in the womb, expecting a child",NON COGNATE,ADJ,
345,lusty,"full of strength and vitality : healthy, vigorous",kräftig,"strong, powerful",NON COGNATE,ADJ,
346,restless,lacking or denying rest : uneasy,unruhig,"internally excited, nervous, worried",NON COGNATE,ADJ,
347,slim,of small diameter or thickness in proportion to the height or length : slender,schlank,"in an aesthetically pleasing, well-proportioned manner, narrow in circumference and at the same time tall (grown)",NON COGNATE,ADJ,
348,sinful,"tainted with, marked by, or full of sin : wicked",sündhaft,behaving incorrectly,NON COGNATE,ADJ,
349,adroit,"having or showing skill, cleverness, or resourcefulness in handling situations",gewandt,confidently and skillfully,NON COGNATE,ADJ,
350,adequate,sufficient for a specific need or requirement; also : good enough : of a quality that is good or acceptable : of a quality that is acceptable but not better than acceptable,genug,"sufficient, enough",NON COGNATE,ADJ,
351,blamable,deserving blame : reprehensible,schuldig,"the responsibility, bearing guilt",NON COGNATE,ADJ,
352,devoted,characterized by loyalty and devotion,treu,"in the close bond with someone , holding on to something consistently and reliably",NON COGNATE,ADJ,
353,foul,offensive to the senses : loathsome,schlecht,"of poor quality, inferior",NON COGNATE,ADJ,
354,homely,suggestive or characteristic of a place of residence or home,gemütlich,comfortable and cozy,NON COGNATE,ADJ,
355,inconsequential,of no significance : unimportant,unbedeutend,"without meaning, without validity",NON COGNATE,ADJ,
356,cross,marked by typically transitory bad temper,böse,"angry, annoyed",NON COGNATE,ADJ,
357,mundane,"of, relating to, or characteristic of the world",alltäglich,"every day (happening, taking place)",NON COGNATE,ADJ,
358,net,"an open-meshed fabric twisted, knotted, or woven together at regular intervals",netto,in the opposite meaning to gross,NON COGNATE,ADJ,Cog
359,eventual,"contingent, conditional",schließlich,"finally, at the end, lastly, after some delay",NON COGNATE,ADJ,
360,rusty,affected by or as if by rust; especially : stiff with or as if with rust,rostig,"covered in rust, corroded",NON COGNATE,ADJ,
361,scrupulous,having moral integrity : acting in strict regard for what is considered right or proper,gewissenhaft,having moral integrity : acting in strict regard for what is considered right or proper,NON COGNATE,ADJ,
362,spendable,to use up or pay out : expend,entbehrlich,"expendable, disposable, spendable",NON COGNATE,ADJ,
363,sufficient,enough to meet the needs of a situation or a proposed end,genug,"sufficient, enough",NON COGNATE,ADJ,
364,temperamental,marked by excessive sensitivity and impulsive mood changes,launisch,"full of moods, capricious",NON COGNATE,ADJ,
365,unkindly,not kindly,unfreundlich,not friendly,NON COGNATE,ADJ,
366,ungracious,wicked,unhöflich,"offensive to manners, not polite",NON COGNATE,ADJ,
367,wounded,"njured, hurt by, or suffering from a wound",verwundet,"njured, hurt by, or suffering from a wound",NON COGNATE,ADJ,
368,wonderful,"exciting wonder : marvelous, astonishing",wunderbar,"far exceeding the usual level of perfection, magnificent",NON COGNATE,ADJ,
369,unalphabetical,"not alphabetic, or not relating to",nicht alphabetisch,"not alphabetic, or not relating to",NON COGNATE,ADJ,
370,"fun, amusing",raised high,hoch,"refers to the extension, distance of an object from bottom to top perpendicular to the ground",NON COGNATE,ADJ,
371,comical,causing laughter especially because of a startlingly or unexpectedly humorous impact,lustig,"fun, amusing",NON COGNATE,ADJ,
372,serious,thoughtful or subdued in appearance or manner : sober,ernst,not laughing,NON COGNATE,ADJ,
373,indecent,grossly improper or offensive,unanständig,"offensive to the social conventions valid in a society, indecent",NON COGNATE,ADJ,
374,communal,characterized by collective ownership and use of property,gemeinsam,"belonging to several persons or things at the same time, own",NON COGNATE,ADJ,
375,crafty,"skillful, clever",schlau,with a lot of intelligence and cunning,NON COGNATE,ADJ,
376,lilac,a variable color averaging a moderate purple,fliederfarben,of a blue-violet hue similar to that of lilac,NON COGNATE,ADJ,
377,lumpy,filled or covered with lumps,klumpig,full of lumps,NON COGNATE,ADJ,
378,middle-aged,the period of life from about 45 to about 64,mittleren alters,the period of life from about 45 to about 64,NON COGNATE,ADJ,
379,momentous,"having great or lasting importance : consequential, significant",bedeutsam,"(for the future) important, significant",NON COGNATE,ADJ,
380,personal,"of, relating to, or affecting a particular person : private, individual",persönlich,concerning the person,NON COGNATE,ADJ,
381,boot,a fitted covering (as of leather or rubber) for the foot that usually reaches above the ankle,stiefel,"solid clothing for the human foot and leg, reaching over the ankles or to the knee and usually made of leather or rubber",NON COGNATE,N,
382,provision,the fact or state of being prepared beforehand,vorsorge,"foresighted care, planned, careful preparation",NON COGNATE,N,
383,gift,something voluntarily transferred by one person to another without compensation,geschenk,thing that is often given to someone in attractive packaging (usually without expecting anything in return),NON COGNATE,N,
384,chef,a skilled professional cook; specifically : one who is in charge of a professional kitchen,koch,person who prepares food,NON COGNATE,N,
385,fee,a fixed charge,gebühr,remuneration to be paid for a service or similar,NON COGNATE,N,
386,island,a tract of land surrounded by water and smaller than a continent,insel,"land mass surrounded by the water of a sea or inland waters, which is not a separate continent",NON COGNATE,N,
387,kind,a specific or recognized variety,sorte,part of a larger whole that has uniform characteristics,NON COGNATE,N,
388,angel,a spiritual being serving as a divine messenger and intermediary and often as a special protector of an individual or nation; especially : one in the lowest rank in the celestial hierarchy,engel,"spirit being created by God, which acts as a messenger between God and man in human form and with wings",NON COGNATE,N,
389,anger,a strong feeling of displeasure and usually of antagonism,wut,"violent, angry excitement, reaching the point of frenzy",NON COGNATE,N,
390,hut,an often small and temporary dwelling of simple construction : shack,hütte,"small, usually poor house built with simple means, which often only serves as temporary accommodation",NON COGNATE,N,
391,mist,water in the form of particles floating or falling in the atmosphere at or near the surface of the earth and approaching the form of rain,nebel,"dense, cloudy haze caused by the precipitation of very small water droplets as a result of cooling of the air",NON COGNATE,N,
392,plane,a powered heavier-than-air aircraft with fixed wings from which it derives most of its lift,flugzeug,"Aircraft that usually consists of a fuselage with a landing gear, horizontally mounted wings and a tail unit and whose flight capability is achieved by dynamic lift",NON COGNATE,N,
393,rock,"a large mass of stone forming a cliff, promontory, or peak",fels,"coherent, hard rock",NON COGNATE,N,
394,stapler,one that deals in staple goods or in staple fiber,heftmaschine,small device for stapling sheets of paper together,NON COGNATE,N,
395,taste,to ascertain the flavor of by taking a little into the mouth,geschmack,"The way something tastes, a property of a substance that can be perceived when one enjoys it",NON COGNATE,N,
396,teller,one that relates or communicates,erzähler,someone who tells something,NON COGNATE,N,
397,sole,the undersurface of a foot,sohle,"lower surface, tread of the shoe, also sock",NON COGNATE,N,
398,auditorium,the part of a public building where an audience sits,zuschauerraum,"an area (equipped with seating) reserved for the audience in establishments such as concert halls, cinemas, theaters , etc. , which is used to follow performances or events",NON COGNATE,N,
399,beet,"a biennial garden plant (Beta vulgaris) of the amaranth family that includes several cultivars (such as Swiss chard and sugar beet) and that has thick edible leaves with long petioles and often swollen purplish-red roots; also : its root used especially as a vegetable, as a source of sugar, or for forage",rübe,"Cultivated plant with a thick, fleshy taproot that is used as food, animal feed or for sugar production",NON COGNATE,N,
400,blitz,an intensive aerial military campaign,luftangriff,"attack by aircraft on enemy targets, air raid",NON COGNATE,N,
401,genial,marked by or freely expressing sympathy or friendliness,heiter,"happy, joyful, not sad",NON COGNATE,ADJ,
402,plump,having a full rounded usually pleasing form,rundlich,"chubby, a bit fat",NON COGNATE,ADJ,
403,alert,watchful and prompt to meet danger or emergency,aufmerksam,attentively listening,NON COGNATE,ADJ,
404,blank,devoid of covering or content,unausgefüllt,without content,NON COGNATE,ADJ,
405,fast,"characterized by quick motion, operation, or effect",schnell,"hastily, hurriedly, in a hurry",NON COGNATE,ADJ,
406,patent,an official document conferring a right or privilege,patentiert,protect an invention from imitation by granting a patent,NON COGNATE,ADJ,
407,punctual,being on time : prompt,pünktlich,"at the appointed, agreed time, to the minute",NON COGNATE,ADJ,
408,purple,having a color between red and blue : of the color purple,lila,"pink-violet, lilac",NON COGNATE,ADJ,
409,routine,a regular course of procedure,routinemäßig,in the same way regularly recurring,NON COGNATE,ADJ,
410,small,having comparatively little size or slight dimensions,klein,"of small size, not extensive in spatial and temporal extent, in height, weight, number and value",NON COGNATE,ADJ,
411,scurrilous,using or given to coarse language,unflätig,"indecent, very mean",NON COGNATE,ADJ,
412,stark,"devoid, lacking",kahl,not having what is otherwise present,NON COGNATE,ADJ,
413,strong,having or marked by great physical power,stark,having a lot of strength,NON COGNATE,ADJ,
414,comfortable,affording or enjoying contentment and security,angenehm,"pleasant, easy-going",NON COGNATE,ADJ,
415,unsympathetic,"not given to, marked by, or arising from sympathy : not sympathetic",wenig mitfühlend,"not given to, marked by, or arising from sympathy : not sympathetic",NON COGNATE,ADJ,
416,unserious,not serious,nicht ernst,not serious,NON COGNATE,ADJ,
417,unashamed,"not ashamed : being without guilt, self-consciousness, or doubt",schamlos,"grossly violating morals and decency, immoral, indecent",NON COGNATE,ADJ,
418,virtuous,having or exhibiting virtue,tugendhaft,in the moral attitude exemplary,NON COGNATE,ADJ,
419,simpering,marked by insipidity or by affected or ingratiating timidity,geziert,"unnatural, pretentious",NON COGNATE,ADJ,
420,famous,widely known,berühmt,highly respected and widely known through performance,NON COGNATE,ADJ,